user_id,item_id,category,price,time_spent,clicked
0,38,tech,280,72,1
0,20,sports,131,83,1
0,22,sports,468,88,1
0,35,sports,159,53,1
0,1,fashion,303,2,0
0,20,tech,469,58,1
0,21,tech,245,89,1
0,48,sports,68,42,0
0,27,sports,199,62,1
0,46,fashion,60,55,1
0,2,tech,316,7,0
0,20,tech,176,18,0
0,3,tech,325,14,0
0,49,fashion,274,90,1
0,1,sports,453,71,1
0,43,tech,273,47,0
0,34,fashion,90,36,0
0,49,fashion,399,54,1
0,41,fashion,486,63,1
0,17,fashion,53,34,0
1,9,fashion,493,14,0
1,30,sports,465,78,1
1,22,tech,199,40,0
1,20,tech,347,53,1
1,23,fashion,226,60,1
1,44,tech,166,15,0
1,44,tech,354,71,1
1,8,tech,145,88,1
1,10,sports,90,8,0
1,34,sports,298,5,0
1,41,sports,50,28,0
1,6,tech,337,12,0
1,33,tech,57,23,0
1,23,tech,108,44,0
1,39,fashion,484,35,0
1,0,sports,110,47,0
1,13,sports,266,5,0
1,25,sports,264,14,0
1,38,sports,402,79,1
1,14,fashion,51,77,1
2,31,sports,250,52,1
2,31,fashion,494,23,0
2,38,tech,152,43,0
2,28,tech,169,71,1
2,21,fashion,179,45,0
2,5,fashion,455,75,1
2,27,tech,240,62,1
2,32,tech,386,27,0
2,12,tech,268,70,1
2,7,sports,146,62,1
2,36,tech,316,44,0
2,23,sports,324,32,0
2,31,tech,189,62,1
2,48,fashion,61,12,0
2,38,fashion,396,56,1
2,16,sports,122,2,0
2,1,fashion,352,96,1
2,32,tech,412,2,0
2,43,fashion,169,70,1
2,31,sports,333,55,1
3,10,sports,410,38,0
3,23,tech,381,98,1
3,5,fashion,404,16,0
3,32,tech,133,59,1
3,5,tech,268,20,0
3,35,sports,355,67,1
3,18,sports,317,33,0
3,39,sports,347,1,0
3,10,tech,482,50,0
3,22,sports,487,42,0
3,34,sports,261,16,0
3,25,tech,69,2,0
3,0,fashion,149,69,1
3,36,sports,18,99,1
3,18,sports,413,24,0
3,32,sports,122,72,1
3,35,fashion,113,84,1
3,34,fashion,482,99,1
3,24,tech,411,82,1
3,1,fashion,172,80,1
4,40,tech,77,33,0
4,13,tech,313,20,0
4,7,sports,204,17,0
4,32,sports,380,86,1
4,21,fashion,167,38,0
4,37,tech,60,54,1
4,7,sports,36,98,1
4,20,fashion,106,28,0
4,46,tech,462,61,1
4,47,sports,13,35,0
4,48,tech,181,92,1
4,29,tech,55,6,0
4,34,tech,46,24,0
4,28,tech,311,53,1
4,30,sports,197,97,1
4,20,sports,170,67,1
4,17,tech,499,95,1
4,2,fashion,289,32,0
4,46,fashion,160,66,1
4,26,fashion,395,90,1
5,16,tech,402,43,0
5,47,sports,486,42,0
5,25,sports,315,25,0
5,23,tech,325,7,0
5,35,tech,29,65,1
5,7,fashion,409,14,0
5,11,sports,480,15,0
5,27,fashion,331,32,0
5,22,sports,351,51,1
5,24,fashion,72,62,1
5,21,fashion,67,86,1
5,48,fashion,335,15,0
5,42,tech,490,8,0
5,43,tech,112,68,1
5,5,tech,489,94,1
5,46,sports,320,40,0
5,15,tech,379,30,0
5,18,tech,129,63,1
5,18,fashion,448,90,1
5,36,fashion,126,62,1
6,22,sports,402,12,0
6,0,fashion,131,1,0
6,46,fashion,105,48,0
6,24,tech,382,1,0
6,15,tech,496,64,1
6,4,fashion,358,67,1
6,11,fashion,153,51,1
6,36,fashion,194,29,0
6,13,tech,56,94,1
6,45,fashion,462,76,1
6,15,fashion,483,48,0
6,20,sports,109,33,0
6,29,tech,32,10,0
6,4,fashion,189,95,1
6,9,fashion,156,58,1
6,31,tech,334,4,0
6,15,sports,267,92,1
6,31,sports,349,24,0
6,11,fashion,172,33,0
6,32,tech,188,43,0
7,36,sports,74,33,0
7,39,fashion,52,44,0
7,28,tech,21,95,1
7,45,fashion,262,35,0
7,22,tech,99,8,0
7,28,fashion,467,90,1
7,33,sports,114,7,0
7,3,fashion,123,75,1
7,28,tech,286,36,0
7,9,tech,466,24,0
7,34,tech,108,36,0
7,17,tech,496,96,1
7,23,sports,199,96,1
7,36,tech,192,13,0
7,22,tech,364,30,0
7,16,tech,71,84,1
7,47,tech,351,13,0
7,18,tech,109,12,0
7,40,sports,85,9,0
7,6,fashion,232,52,1
8,18,fashion,376,16,0
8,4,sports,405,25,0
8,20,tech,160,16,0
8,38,tech,190,42,0
8,38,fashion,232,5,0
8,34,sports,230,75,1
8,17,sports,85,9,0
8,9,fashion,410,7,0
8,45,tech,177,42,0
8,8,fashion,292,66,1
8,4,tech,174,38,0
8,18,tech,330,86,1
8,16,sports,336,89,1
8,44,fashion,261,31,0
8,18,tech,373,54,1
8,38,sports,211,90,1
8,18,sports,135,67,1
8,44,tech,251,92,1
8,19,tech,392,39,0
8,0,sports,470,92,1
9,48,tech,321,33,0
9,37,tech,143,58,1
9,43,tech,169,45,0
9,46,tech,89,85,1
9,10,tech,173,99,1
9,18,tech,411,47,0
9,40,tech,23,15,0
9,30,tech,382,54,1
9,2,sports,450,75,1
9,11,fashion,233,16,0
9,7,fashion,469,24,0
9,27,tech,17,92,1
9,35,fashion,145,58,1
9,49,tech,50,64,1
9,26,fashion,456,17,0
9,8,tech,221,77,1
9,27,tech,406,46,0
9,34,tech,399,82,1
9,4,sports,418,66,1
9,9,fashion,251,5,0
10,32,fashion,74,18,0
10,31,sports,186,11,0
10,20,fashion,72,89,1
10,21,sports,292,49,0
10,12,tech,107,99,1
10,0,tech,320,6,0
10,27,tech,206,95,1
10,4,fashion,268,53,1
10,22,tech,62,37,0
10,9,fashion,92,17,0
10,20,fashion,466,1,0
10,44,tech,269,62,1
10,0,tech,497,32,0
10,33,sports,81,39,0
10,25,fashion,171,54,1
10,2,sports,315,12,0
10,0,fashion,245,5,0
10,29,fashion,260,57,1
10,16,sports,312,23,0
10,14,tech,350,14,0
11,1,sports,444,38,0
11,33,fashion,315,98,1
11,17,fashion,344,91,1
11,33,tech,175,97,1
11,23,sports,39,51,1
11,16,tech,294,4,0
11,9,tech,339,17,0
11,19,tech,43,6,0
11,1,tech,135,43,0
11,47,sports,380,23,0
11,15,sports,468,16,0
11,7,tech,204,96,1
11,2,sports,102,32,0
11,49,tech,131,51,1
11,18,tech,14,82,1
11,27,fashion,326,22,0
11,20,fashion,10,5,0
11,40,fashion,55,34,0
11,48,fashion,227,45,0
11,26,tech,291,47,0
12,21,sports,65,94,1
12,42,sports,57,61,1
12,16,fashion,301,1,0
12,7,tech,364,52,1
12,14,sports,136,56,1
12,21,fashion,483,28,0
12,22,fashion,225,2,0
12,44,fashion,23,59,1
12,6,sports,120,23,0
12,45,sports,248,18,0
12,37,sports,380,15,0
12,24,sports,494,28,0
12,9,sports,450,17,0
12,38,fashion,483,44,0
12,24,tech,22,84,1
12,24,fashion,76,18,0
12,46,sports,479,34,0
12,46,tech,245,83,1
12,41,tech,110,6,0
12,25,fashion,452,56,1
13,44,fashion,238,33,0
13,21,tech,207,70,1
13,47,fashion,340,62,1
13,29,sports,161,55,1
13,8,sports,396,31,0
13,39,tech,45,24,0
13,30,fashion,331,84,1
13,27,sports,13,79,1
13,5,fashion,378,94,1
13,37,sports,71,57,1
13,1,sports,212,8,0
13,25,sports,182,44,0
13,4,fashion,419,68,1
13,18,tech,29,12,0
13,46,tech,99,14,0
13,37,tech,391,11,0
13,35,tech,268,33,0
13,5,fashion,19,5,0
13,22,fashion,181,2,0
13,12,fashion,93,65,1
14,36,tech,282,9,0
14,10,sports,417,38,0
14,34,fashion,104,49,0
14,4,fashion,453,50,0
14,13,tech,385,75,1
14,8,fashion,85,99,1
14,34,tech,305,64,1
14,21,tech,337,11,0
14,40,tech,279,60,1
14,29,sports,222,37,0
14,4,sports,388,78,1
14,25,fashion,141,89,1
14,44,fashion,98,18,0
14,39,sports,113,14,0
14,31,sports,134,38,0
14,32,sports,72,15,0
14,32,tech,154,97,1
14,46,sports,459,78,1
14,39,sports,48,51,1
14,5,fashion,76,7,0
15,7,fashion,457,15,0
15,46,tech,298,94,1
15,38,sports,429,29,0
15,37,tech,106,27,0
15,32,fashion,205,86,1
15,1,fashion,14,74,1
15,32,fashion,303,13,0
15,30,sports,237,88,1
15,14,tech,145,5,0
15,28,sports,333,76,1
15,44,fashion,420,95,1
15,35,fashion,308,27,0
15,4,sports,263,74,1
15,39,fashion,143,72,1
15,22,sports,355,46,0
15,42,fashion,150,62,1
15,17,tech,490,60,1
15,42,tech,385,37,0
15,7,sports,115,92,1
15,30,fashion,402,51,1
16,28,fashion,305,41,0
16,21,sports,416,1,0
16,45,tech,414,90,1
16,45,fashion,480,57,1
16,0,sports,447,55,1
16,39,sports,158,47,0
16,8,tech,146,74,1
16,25,tech,300,63,1
16,24,fashion,84,38,0
16,1,sports,219,91,1
16,33,sports,26,43,0
16,43,sports,188,54,1
16,23,tech,464,52,1
16,5,tech,353,33,0
16,48,tech,72,22,0
16,25,fashion,478,49,0
16,6,tech,93,49,0
16,19,fashion,351,92,1
16,39,tech,336,1,0
16,31,tech,487,87,1
17,18,fashion,41,30,0
17,28,tech,438,93,1
17,29,sports,27,1,0
17,13,sports,184,66,1
17,27,tech,123,94,1
17,37,sports,328,4,0
17,0,tech,64,3,0
17,31,fashion,467,83,1
17,45,fashion,389,97,1
17,22,sports,485,32,0
17,49,sports,358,8,0
17,0,tech,256,67,1
17,23,sports,452,72,1
17,46,tech,76,51,1
17,32,sports,273,34,0
17,34,fashion,297,46,0
17,42,tech,191,85,1
17,13,sports,320,48,0
17,17,sports,339,7,0
17,32,sports,94,19,0
18,47,tech,412,36,0
18,28,fashion,11,1,0
18,46,tech,413,11,0
18,41,sports,395,67,1
18,22,sports,405,20,0
18,4,tech,431,94,1
18,8,fashion,62,44,0
18,34,fashion,351,24,0
18,16,fashion,167,59,1
18,45,sports,137,96,1
18,16,fashion,124,81,1
18,13,tech,49,66,1
18,44,tech,368,73,1
18,21,sports,13,26,0
18,28,tech,107,87,1
18,36,sports,335,18,0
18,20,fashion,365,41,0
18,37,fashion,26,37,0
18,24,fashion,387,76,1
18,22,tech,371,86,1
19,20,sports,322,31,0
19,5,sports,177,98,1
19,11,tech,318,71,1
19,9,tech,410,26,0
19,20,fashion,131,46,0
19,1,fashion,372,65,1
19,35,sports,291,29,0
19,20,sports,305,11,0
19,35,tech,196,39,0
19,39,sports,319,98,1
19,46,fashion,415,69,1
19,32,fashion,45,20,0
19,18,sports,253,81,1
19,44,sports,491,73,1
19,25,fashion,82,73,1
19,39,tech,138,89,1
19,42,fashion,34,39,0
19,34,sports,238,44,0
19,29,fashion,363,12,0
19,18,tech,53,59,1
20,48,tech,26,74,1
20,48,sports,21,62,1
20,15,sports,273,95,1
20,20,tech,224,80,1
20,5,tech,475,89,1
20,11,sports,68,26,0
20,40,tech,35,47,0
20,31,fashion,25,71,1
20,16,sports,291,85,1
20,21,fashion,400,14,0
20,14,tech,16,9,0
20,47,fashion,324,87,1
20,28,fashion,232,94,1
20,38,sports,411,59,1
20,41,sports,282,14,0
20,30,sports,117,60,1
20,44,fashion,140,37,0
20,42,fashion,192,87,1
20,43,sports,24,4,0
20,28,fashion,418,13,0
21,17,tech,25,42,0
21,43,fashion,459,55,1
21,34,fashion,43,30,0
21,12,tech,283,32,0
21,31,sports,388,39,0
21,45,tech,455,93,1
21,43,tech,281,56,1
21,43,sports,386,10,0
21,29,tech,368,84,1
21,4,tech,487,49,0
21,2,tech,151,30,0
21,49,fashion,455,37,0
21,24,tech,446,79,1
21,8,sports,314,88,1
21,3,sports,302,61,1
21,36,sports,389,70,1
21,38,sports,311,88,1
21,10,fashion,342,98,1
21,24,sports,61,4,0
21,7,tech,72,54,1
22,44,fashion,339,98,1
22,25,tech,250,3,0
22,5,tech,270,54,1
22,46,sports,186,9,0
22,34,fashion,250,61,1
22,41,sports,187,82,1
22,16,sports,169,99,1
22,37,tech,129,89,1
22,8,fashion,366,98,1
22,10,tech,449,67,1
22,27,tech,146,67,1
22,24,fashion,341,42,0
22,8,sports,49,25,0
22,4,sports,452,98,1
22,23,sports,47,72,1
22,4,fashion,411,70,1
22,36,tech,293,69,1
22,12,tech,123,40,0
22,44,fashion,358,58,1
22,2,fashion,49,91,1
23,12,tech,298,6,0
23,23,sports,345,40,0
23,27,tech,68,59,1
23,47,tech,278,45,0
23,24,tech,179,63,1
23,26,fashion,197,7,0
23,4,sports,54,58,1
23,30,sports,435,10,0
23,31,sports,446,30,0
23,38,sports,91,2,0
23,13,tech,486,12,0
23,38,fashion,233,13,0
23,45,sports,122,17,0
23,39,sports,363,60,1
23,23,tech,172,70,1
23,18,fashion,464,74,1
23,40,fashion,328,28,0
23,14,fashion,46,93,1
23,21,fashion,333,91,1
23,16,fashion,410,10,0
24,0,fashion,483,82,1
24,49,fashion,201,47,0
24,28,sports,236,52,1
24,11,sports,38,11,0
24,32,fashion,376,79,1
24,31,sports,468,58,1
24,22,fashion,491,46,0
24,33,tech,13,81,1
24,34,tech,498,39,0
24,14,sports,294,29,0
24,10,fashion,184,78,1
24,19,fashion,468,27,0
24,2,tech,391,56,1
24,27,tech,30,47,0
24,15,tech,452,84,1
24,5,sports,450,69,1
24,2,sports,266,58,1
24,37,sports,171,61,1
24,34,tech,290,24,0
24,11,fashion,280,80,1
25,26,fashion,482,17,0
25,28,tech,17,79,1
25,26,fashion,59,71,1
25,2,tech,457,44,0
25,23,fashion,396,20,0
25,45,sports,162,94,1
25,13,sports,282,84,1
25,35,tech,175,48,0
25,21,fashion,126,2,0
25,23,sports,73,77,1
25,16,tech,283,94,1
25,17,fashion,104,38,0
25,31,sports,310,89,1
25,32,fashion,434,8,0
25,10,fashion,188,88,1
25,40,tech,85,46,0
25,31,sports,89,54,1
25,21,tech,211,40,0
25,31,fashion,362,2,0
25,32,tech,242,77,1
26,29,tech,86,26,0
26,21,sports,203,38,0
26,38,fashion,183,15,0
26,33,fashion,384,44,0
26,48,sports,326,67,1
26,5,tech,271,73,1
26,38,sports,425,41,0
26,49,fashion,357,62,1
26,19,fashion,120,7,0
26,10,fashion,323,22,0
26,25,sports,12,41,0
26,41,fashion,468,82,1
26,11,sports,21,13,0
26,24,tech,252,19,0
26,45,tech,401,93,1
26,31,sports,309,82,1
26,5,fashion,220,22,0
26,36,tech,68,3,0
26,27,fashion,252,35,0
26,28,fashion,456,79,1
27,32,sports,341,49,0
27,29,tech,168,58,1
27,23,tech,13,92,1
27,43,fashion,29,60,1
27,23,fashion,186,51,1
27,31,tech,429,98,1
27,35,fashion,344,34,0
27,35,fashion,304,42,0
27,11,sports,246,18,0
27,39,tech,408,97,1
27,34,fashion,17,94,1
27,22,fashion,437,14,0
27,13,fashion,384,37,0
27,4,fashion,50,62,1
27,46,fashion,240,89,1
27,19,fashion,240,70,1
27,16,sports,354,28,0
27,1,sports,238,5,0
27,0,tech,416,47,0
27,30,sports,19,67,1
28,13,fashion,102,10,0
28,11,fashion,370,1,0
28,4,sports,469,1,0
28,19,tech,116,37,0
28,46,tech,213,37,0
28,48,tech,129,44,0
28,27,sports,216,6,0
28,43,sports,454,20,0
28,49,fashion,139,73,1
28,36,fashion,294,1,0
28,34,fashion,494,59,1
28,4,tech,188,78,1
28,11,fashion,285,53,1
28,49,sports,308,98,1
28,24,fashion,294,57,1
28,38,sports,193,43,0
28,49,sports,437,38,0
28,19,sports,393,45,0
28,15,fashion,243,8,0
28,49,tech,138,8,0
29,28,fashion,14,86,1
29,46,fashion,202,55,1
29,25,sports,467,30,0
29,49,fashion,154,26,0
29,7,sports,241,76,1
29,26,tech,311,68,1
29,32,tech,156,31,0
29,15,fashion,62,48,0
29,4,tech,99,62,1
29,27,fashion,201,70,1
29,8,tech,178,89,1
29,47,tech,82,77,1
29,30,tech,468,68,1
29,33,tech,111,4,0
29,37,sports,463,98,1
29,17,tech,498,23,0
29,18,tech,340,1,0
29,23,fashion,319,71,1
29,24,tech,152,65,1
29,11,fashion,208,15,0
30,20,sports,325,93,1
30,24,tech,314,96,1
30,48,sports,437,90,1
30,10,sports,465,78,1
30,9,fashion,439,9,0
30,2,tech,291,72,1
30,47,fashion,463,28,0
30,28,fashion,162,12,0
30,4,fashion,313,37,0
30,14,sports,52,48,0
30,22,fashion,311,43,0
30,44,tech,416,80,1
30,46,tech,133,15,0
30,24,sports,60,15,0
30,3,tech,150,86,1
30,18,fashion,343,68,1
30,47,tech,61,27,0
30,28,sports,165,35,0
30,7,fashion,429,30,0
30,17,fashion,442,77,1
31,3,fashion,354,94,1
31,10,sports,360,74,1
31,38,tech,168,71,1
31,48,fashion,454,42,0
31,35,fashion,272,54,1
31,0,tech,371,47,0
31,12,sports,415,21,0
31,21,tech,35,9,0
31,14,fashion,481,42,0
31,7,tech,163,91,1
31,36,fashion,161,19,0
31,35,sports,211,89,1
31,17,sports,173,74,1
31,32,sports,251,69,1
31,46,tech,492,98,1
31,32,sports,158,81,1
31,21,tech,152,35,0
31,27,sports,169,11,0
31,9,tech,87,77,1
31,24,fashion,329,35,0
32,6,tech,155,67,1
32,41,fashion,134,39,0
32,40,tech,468,24,0
32,45,sports,77,90,1
32,37,fashion,297,39,0
32,44,fashion,45,97,1
32,35,sports,82,8,0
32,32,sports,79,41,0
32,38,tech,58,60,1
32,1,tech,437,27,0
32,31,tech,273,72,1
32,49,sports,309,58,1
32,2,fashion,335,2,0
32,22,fashion,111,81,1
32,34,fashion,480,30,0
32,7,fashion,309,58,1
32,35,tech,342,93,1
32,30,sports,320,80,1
32,41,fashion,167,55,1
32,15,tech,409,12,0
33,7,sports,153,30,0
33,44,sports,357,5,0
33,19,tech,130,30,0
33,20,fashion,415,82,1
33,7,sports,297,33,0
33,15,fashion,235,14,0
33,35,tech,160,66,1
33,40,tech,267,91,1
33,8,tech,340,67,1
33,22,fashion,205,82,1
33,5,sports,415,43,0
33,14,fashion,325,12,0
33,46,tech,51,38,0
33,17,tech,300,30,0
33,23,fashion,167,78,1
33,5,sports,345,7,0
33,13,tech,408,21,0
33,34,fashion,356,2,0
33,34,fashion,215,20,0
33,17,fashion,34,66,1
34,24,tech,319,33,0
34,35,sports,279,65,1
34,45,fashion,247,52,1
34,2,sports,434,6,0
34,24,tech,126,98,1
34,7,tech,491,68,1
34,24,sports,77,45,0
34,11,tech,40,78,1
34,19,fashion,486,60,1
34,5,tech,52,2,0
34,22,sports,296,5,0
34,18,fashion,275,89,1
34,1,fashion,276,50,0
34,30,sports,466,87,1
34,18,tech,108,21,0
34,8,fashion,380,7,0
34,15,tech,269,4,0
34,38,tech,110,52,1
34,28,fashion,240,50,0
34,36,sports,71,99,1
35,6,sports,101,86,1
35,13,sports,238,86,1
35,4,fashion,192,2,0
35,26,tech,255,79,1
35,20,fashion,480,58,1
35,38,tech,74,13,0
35,20,fashion,251,85,1
35,17,tech,182,32,0
35,35,tech,492,60,1
35,10,sports,414,52,1
35,25,fashion,205,34,0
35,47,fashion,241,99,1
35,40,tech,445,29,0
35,37,fashion,30,42,0
35,12,tech,114,64,1
35,16,tech,434,1,0
35,1,tech,106,10,0
35,49,fashion,453,21,0
35,27,sports,256,34,0
35,7,sports,223,72,1
36,48,sports,410,60,1
36,22,tech,476,69,1
36,31,tech,96,8,0
36,12,tech,96,43,0
36,0,tech,444,24,0
36,34,tech,142,20,0
36,20,fashion,424,11,0
36,14,sports,400,28,0
36,42,fashion,270,5,0
36,29,fashion,361,8,0
36,9,fashion,120,96,1
36,47,tech,232,8,0
36,39,tech,338,66,1
36,14,fashion,460,49,0
36,35,fashion,333,78,1
36,40,tech,226,62,1
36,49,fashion,158,36,0
36,11,sports,497,2,0
36,12,tech,169,95,1
36,15,fashion,20,10,0
37,14,tech,433,18,0
37,8,tech,497,59,1
37,13,fashion,482,22,0
37,29,tech,181,32,0
37,45,tech,385,21,0
37,34,fashion,41,94,1
37,38,tech,277,47,0
37,17,tech,406,21,0
37,7,fashion,369,7,0
37,22,sports,265,86,1
37,21,sports,354,22,0
37,27,tech,278,82,1
37,1,tech,222,79,1
37,26,fashion,104,79,1
37,22,tech,287,43,0
37,36,tech,362,56,1
37,2,sports,127,19,0
37,22,tech,39,39,0
37,43,sports,290,8,0
37,41,fashion,153,72,1
38,0,tech,12,65,1
38,3,sports,233,64,1
38,41,fashion,482,10,0
38,20,fashion,240,91,1
38,26,fashion,434,13,0
38,8,fashion,243,90,1
38,11,tech,471,14,0
38,33,tech,386,20,0
38,10,sports,232,70,1
38,18,tech,195,4,0
38,46,tech,141,20,0
38,9,fashion,236,26,0
38,36,fashion,478,54,1
38,39,sports,414,74,1
38,37,fashion,269,60,1
38,44,tech,128,71,1
38,3,tech,23,3,0
38,23,tech,345,58,1
38,3,fashion,33,34,0
38,29,fashion,412,31,0
39,18,tech,328,83,1
39,21,tech,85,30,0
39,37,tech,424,64,1
39,18,tech,237,94,1
39,48,sports,490,18,0
39,48,sports,485,47,0
39,10,tech,127,45,0
39,32,tech,207,4,0
39,19,sports,484,15,0
39,5,sports,87,75,1
39,38,tech,99,16,0
39,4,tech,70,10,0
39,49,sports,470,94,1
39,44,fashion,346,51,1
39,18,fashion,44,46,0
39,25,sports,78,93,1
39,36,tech,414,74,1
39,4,fashion,99,4,0
39,38,sports,428,1,0
39,23,tech,109,70,1
40,40,fashion,183,60,1
40,43,tech,40,84,1
40,23,tech,45,85,1
40,29,fashion,423,86,1
40,27,sports,172,55,1
40,27,fashion,129,10,0
40,15,fashion,488,89,1
40,12,fashion,53,73,1
40,44,sports,93,82,1
40,42,tech,30,68,1
40,49,tech,484,7,0
40,5,sports,408,82,1
40,31,sports,157,88,1
40,14,sports,414,42,0
40,25,fashion,322,37,0
40,20,fashion,78,3,0
40,22,fashion,430,88,1
40,48,sports,380,89,1
40,20,tech,454,41,0
40,32,fashion,126,68,1
41,41,tech,336,86,1
41,32,tech,161,61,1
41,33,fashion,52,41,0
41,38,fashion,186,17,0
41,33,fashion,207,98,1
41,0,fashion,350,5,0
41,1,fashion,121,57,1
41,1,fashion,107,16,0
41,47,sports,134,39,0
41,21,sports,433,38,0
41,9,sports,201,63,1
41,48,sports,286,20,0
41,25,sports,77,86,1
41,14,tech,88,86,1
41,27,fashion,420,40,0
41,27,fashion,378,63,1
41,1,tech,257,3,0
41,7,tech,51,99,1
41,5,sports,445,23,0
41,24,sports,187,43,0
42,18,tech,316,11,0
42,11,fashion,17,24,0
42,27,tech,173,85,1
42,7,sports,402,47,0
42,14,fashion,113,82,1
42,41,fashion,277,2,0
42,6,sports,374,3,0
42,26,fashion,372,40,0
42,37,tech,229,1,0
42,7,tech,425,48,0
42,42,tech,269,94,1
42,5,fashion,255,19,0
42,31,tech,21,11,0
42,45,sports,25,1,0
42,44,sports,30,30,0
42,12,fashion,269,28,0
42,37,fashion,232,59,1
42,26,tech,34,3,0
42,32,tech,413,34,0
42,25,fashion,142,99,1
43,27,tech,274,50,0
43,5,sports,69,44,0
43,10,fashion,440,73,1
43,20,fashion,479,3,0
43,11,fashion,483,21,0
43,27,fashion,199,33,0
43,20,sports,189,34,0
43,40,sports,440,82,1
43,10,tech,288,48,0
43,21,tech,334,11,0
43,29,sports,356,35,0
43,32,tech,281,34,0
43,1,sports,433,28,0
43,46,sports,463,73,1
43,19,tech,465,87,1
43,2,fashion,418,47,0
43,37,sports,200,21,0
43,34,tech,126,53,1
43,45,fashion,493,76,1
43,16,sports,402,99,1
44,12,sports,219,97,1
44,5,sports,228,23,0
44,26,fashion,385,46,0
44,37,fashion,109,72,1
44,34,sports,39,78,1
44,19,tech,290,40,0
44,23,fashion,163,87,1
44,21,tech,92,51,1
44,2,fashion,284,73,1
44,27,tech,336,78,1
44,8,sports,133,19,0
44,46,fashion,129,38,0
44,35,tech,295,9,0
44,32,tech,151,75,1
44,34,tech,452,78,1
44,29,tech,205,68,1
44,27,fashion,370,86,1
44,40,sports,264,55,1
44,15,tech,71,48,0
44,29,sports,276,64,1
45,45,fashion,478,21,0
45,4,tech,460,44,0
45,32,tech,210,61,1
45,8,sports,474,98,1
45,23,tech,17,45,0
45,22,sports,433,76,1
45,11,fashion,56,15,0
45,40,sports,35,52,1
45,28,fashion,241,21,0
45,37,tech,166,51,1
45,3,sports,464,92,1
45,27,fashion,85,45,0
45,2,fashion,203,88,1
45,33,sports,448,1,0
45,7,sports,431,6,0
45,21,tech,219,17,0
45,11,fashion,227,27,0
45,7,sports,389,65,1
45,28,tech,250,99,1
45,39,fashion,300,48,0
46,44,tech,150,61,1
46,37,tech,311,62,1
46,7,sports,413,97,1
46,25,sports,350,49,0
46,41,sports,319,9,0
46,23,tech,314,41,0
46,16,tech,316,59,1
46,38,sports,50,39,0
46,12,sports,156,11,0
46,12,sports,55,45,0
46,0,sports,341,72,1
46,7,tech,118,12,0
46,47,tech,310,90,1
46,38,fashion,462,8,0
46,24,sports,183,87,1
46,29,tech,440,87,1
46,48,sports,349,82,1
46,17,fashion,333,94,1
46,32,sports,429,82,1
46,36,sports,248,28,0
47,39,tech,234,76,1
47,14,tech,432,2,0
47,28,tech,211,66,1
47,10,tech,275,14,0
47,17,sports,127,73,1
47,38,sports,93,70,1
47,26,tech,11,93,1
47,37,sports,409,94,1
47,39,fashion,90,41,0
47,11,sports,244,65,1
47,44,sports,483,85,1
47,48,sports,232,25,0
47,22,tech,303,28,0
47,20,fashion,116,18,0
47,35,sports,438,73,1
47,37,fashion,39,60,1
47,43,fashion,297,67,1
47,2,sports,50,63,1
47,22,sports,57,32,0
47,35,tech,417,39,0
48,33,tech,16,68,1
48,36,tech,202,47,0
48,19,sports,166,74,1
48,17,sports,436,95,1
48,26,fashion,404,49,0
48,48,fashion,73,69,1
48,7,fashion,185,56,1
48,11,fashion,330,31,0
48,3,tech,374,50,0
48,4,fashion,385,88,1
48,2,sports,54,4,0
48,25,sports,439,64,1
48,26,fashion,60,50,0
48,5,sports,134,15,0
48,29,fashion,494,37,0
48,41,tech,44,87,1
48,5,fashion,210,29,0
48,12,sports,440,17,0
48,44,fashion,77,69,1
48,36,tech,314,13,0
49,33,tech,351,53,1
49,22,sports,396,42,0
49,33,tech,60,85,1
49,45,sports,30,44,0
49,10,sports,333,1,0
49,27,sports,289,99,1
49,12,sports,363,11,0
49,35,sports,282,99,1
49,17,fashion,258,24,0
49,18,tech,496,85,1
49,7,tech,154,36,0
49,18,sports,73,91,1
49,33,sports,319,45,0
49,46,fashion,158,11,0
49,38,tech,474,56,1
49,19,tech,55,12,0
49,5,tech,380,19,0
49,25,fashion,192,75,1
49,32,fashion,225,23,0
49,14,sports,212,64,1
50,49,tech,188,53,1
50,13,sports,91,92,1
50,46,sports,248,4,0
50,6,tech,172,48,0
50,8,tech,346,81,1
50,48,tech,361,72,1
50,18,sports,303,67,1
50,4,tech,440,61,1
50,30,sports,217,96,1
50,21,tech,223,43,0
50,2,fashion,403,42,0
50,20,fashion,178,24,0
50,34,fashion,66,94,1
50,46,sports,28,8,0
50,25,tech,497,71,1
50,29,sports,76,65,1
50,35,tech,46,1,0
50,14,tech,150,8,0
50,4,tech,136,1,0
50,35,sports,203,63,1
51,39,sports,274,34,0
51,45,fashion,393,4,0
51,29,sports,367,75,1
51,34,sports,407,60,1
51,12,tech,489,34,0
51,44,tech,92,16,0
51,1,tech,384,34,0
51,41,fashion,197,66,1
51,1,fashion,22,56,1
51,46,sports,299,39,0
51,2,sports,471,55,1
51,26,fashion,230,53,1
51,38,tech,410,30,0
51,12,tech,412,53,1
51,18,tech,290,86,1
51,30,tech,192,23,0
51,31,fashion,83,10,0
51,35,fashion,61,20,0
51,31,fashion,23,50,0
51,27,fashion,62,24,0
52,14,fashion,39,63,1
52,3,tech,68,87,1
52,7,fashion,21,31,0
52,13,fashion,347,98,1
52,10,tech,213,49,0
52,14,tech,488,93,1
52,25,fashion,105,86,1
52,37,tech,352,88,1
52,49,tech,399,69,1
52,43,tech,329,29,0
52,27,sports,130,65,1
52,42,sports,146,27,0
52,33,fashion,408,51,1
52,12,sports,186,70,1
52,47,sports,430,17,0
52,22,fashion,422,33,0
52,26,tech,129,55,1
52,9,sports,32,85,1
52,20,sports,22,33,0
52,23,sports,282,68,1
53,46,tech,103,73,1
53,20,sports,220,12,0
53,36,fashion,410,48,0
53,38,tech,364,47,0
53,47,fashion,265,78,1
53,34,tech,389,71,1
53,40,tech,219,13,0
53,35,sports,395,16,0
53,8,tech,175,75,1
53,21,tech,109,87,1
53,44,tech,171,9,0
53,23,sports,301,18,0
53,2,fashion,437,21,0
53,27,fashion,447,65,1
53,35,tech,261,99,1
53,12,tech,58,54,1
53,9,tech,53,47,0
53,9,fashion,22,37,0
53,37,fashion,479,81,1
53,35,fashion,147,35,0
54,24,sports,120,17,0
54,11,fashion,381,24,0
54,28,sports,418,60,1
54,25,fashion,330,84,1
54,27,sports,474,92,1
54,11,sports,190,42,0
54,46,fashion,242,34,0
54,36,fashion,400,96,1
54,31,tech,162,33,0
54,6,tech,135,12,0
54,15,sports,382,77,1
54,6,sports,316,73,1
54,31,sports,273,97,1
54,22,tech,465,45,0
54,21,sports,141,67,1
54,28,tech,166,98,1
54,33,tech,88,87,1
54,43,fashion,13,90,1
54,39,tech,128,5,0
54,31,fashion,340,15,0
55,31,fashion,242,17,0
55,25,sports,371,57,1
55,25,tech,403,45,0
55,18,sports,470,53,1
55,7,sports,360,28,0
55,10,sports,330,49,0
55,46,fashion,225,54,1
55,46,sports,498,46,0
55,49,fashion,250,5,0
55,19,tech,468,54,1
55,32,fashion,431,27,0
55,33,sports,233,61,1
55,20,fashion,462,6,0
55,37,fashion,95,62,1
55,17,fashion,211,46,0
55,12,sports,231,3,0
55,29,fashion,102,8,0
55,43,tech,244,33,0
55,16,sports,342,50,0
55,10,sports,165,70,1
56,40,sports,261,48,0
56,25,fashion,341,11,0
56,36,tech,283,19,0
56,22,sports,367,82,1
56,25,fashion,269,29,0
56,33,tech,116,43,0
56,15,fashion,427,8,0
56,12,fashion,17,94,1
56,31,sports,103,65,1
56,42,sports,90,59,1
56,19,fashion,351,93,1
56,21,tech,430,74,1
56,35,tech,485,28,0
56,41,sports,180,85,1
56,23,fashion,261,66,1
56,7,sports,287,27,0
56,28,sports,373,13,0
56,44,fashion,237,9,0
56,26,fashion,138,32,0
56,24,tech,336,67,1
57,19,tech,103,35,0
57,34,tech,368,91,1
57,25,fashion,26,18,0
57,44,tech,477,53,1
57,26,fashion,333,65,1
57,49,tech,67,26,0
57,44,sports,275,59,1
57,10,tech,114,5,0
57,0,tech,287,98,1
57,44,tech,230,68,1
57,4,sports,321,51,1
57,20,sports,85,26,0
57,18,tech,197,71,1
57,46,sports,336,26,0
57,39,tech,414,78,1
57,3,sports,371,84,1
57,14,fashion,125,93,1
57,7,tech,377,19,0
57,47,sports,55,28,0
57,45,tech,484,68,1
58,14,sports,430,1,0
58,2,sports,289,27,0
58,39,sports,198,36,0
58,33,tech,33,24,0
58,41,sports,299,57,1
58,48,sports,190,23,0
58,44,tech,360,53,1
58,40,tech,258,60,1
58,5,tech,322,10,0
58,39,sports,112,38,0
58,20,tech,221,3,0
58,21,sports,461,92,1
58,11,fashion,429,41,0
58,4,tech,352,58,1
58,49,fashion,199,25,0
58,47,sports,444,78,1
58,47,sports,56,39,0
58,15,fashion,222,54,1
58,20,tech,281,59,1
58,30,fashion,211,32,0
59,33,sports,263,9,0
59,16,sports,489,10,0
59,21,tech,282,68,1
59,47,sports,162,21,0
59,36,fashion,250,65,1
59,24,sports,301,81,1
59,40,sports,97,66,1
59,39,sports,105,39,0
59,5,tech,416,39,0
59,16,fashion,260,41,0
59,28,tech,150,70,1
59,5,tech,12,81,1
59,48,sports,118,55,1
59,0,tech,460,90,1
59,14,fashion,378,83,1
59,42,sports,497,78,1
59,32,fashion,171,61,1
59,3,sports,422,83,1
59,5,tech,490,49,0
59,39,sports,202,69,1
60,26,fashion,497,13,0
60,47,fashion,492,19,0
60,11,sports,52,74,1
60,24,sports,461,44,0
60,22,fashion,385,22,0
60,36,sports,215,56,1
60,2,fashion,281,83,1
60,17,tech,122,12,0
60,10,tech,292,12,0
60,16,fashion,106,5,0
60,27,fashion,78,59,1
60,32,fashion,59,19,0
60,21,tech,388,66,1
60,29,sports,176,68,1
60,32,tech,93,54,1
60,6,sports,224,14,0
60,22,sports,137,54,1
60,28,tech,289,82,1
60,9,tech,66,8,0
60,25,fashion,166,74,1
61,16,fashion,15,58,1
61,4,fashion,178,69,1
61,17,fashion,477,41,0
61,48,sports,186,76,1
61,6,sports,396,10,0
61,33,tech,300,80,1
61,1,fashion,175,22,0
61,25,sports,448,39,0
61,26,tech,239,20,0
61,26,tech,447,20,0
61,43,sports,93,99,1
61,46,fashion,423,53,1
61,33,fashion,332,6,0
61,14,sports,275,73,1
61,32,fashion,242,59,1
61,35,sports,267,29,0
61,3,tech,92,26,0
61,24,fashion,318,79,1
61,21,sports,57,21,0
61,21,fashion,423,25,0
62,44,tech,378,45,0
62,3,sports,314,9,0
62,35,sports,394,10,0
62,35,tech,246,46,0
62,41,fashion,185,38,0
62,16,fashion,379,27,0
62,49,sports,253,85,1
62,24,sports,280,4,0
62,28,sports,82,27,0
62,25,sports,257,92,1
62,16,sports,386,41,0
62,41,fashion,221,40,0
62,38,tech,254,23,0
62,46,sports,72,97,1
62,45,tech,308,48,0
62,33,sports,70,50,0
62,2,fashion,323,33,0
62,10,fashion,103,48,0
62,9,fashion,47,19,0
62,35,sports,328,77,1
63,45,sports,467,65,1
63,26,fashion,273,51,1
63,45,fashion,218,73,1
63,5,sports,354,39,0
63,48,tech,191,37,0
63,8,fashion,65,59,1
63,20,fashion,454,58,1
63,42,sports,197,40,0
63,35,fashion,261,37,0
63,14,fashion,363,63,1
63,21,sports,195,57,1
63,12,fashion,265,7,0
63,42,fashion,97,68,1
63,27,sports,138,55,1
63,2,fashion,431,1,0
63,37,fashion,350,29,0
63,4,tech,211,92,1
63,20,fashion,464,67,1
63,44,sports,93,83,1
63,34,tech,138,68,1
64,11,sports,321,23,0
64,24,tech,70,63,1
64,23,tech,246,55,1
64,45,sports,361,5,0
64,35,fashion,499,49,0
64,41,fashion,304,80,1
64,32,tech,222,61,1
64,8,fashion,118,35,0
64,38,fashion,434,5,0
64,41,sports,474,76,1
64,22,sports,423,57,1
64,21,tech,294,37,0
64,22,tech,169,46,0
64,46,sports,54,17,0
64,39,tech,459,6,0
64,43,fashion,103,22,0
64,32,fashion,218,32,0
64,41,sports,471,10,0
64,46,sports,429,34,0
64,8,fashion,37,11,0
65,13,sports,256,47,0
65,18,fashion,408,28,0
65,23,sports,146,47,0
65,32,fashion,490,19,0
65,2,fashion,433,47,0
65,41,tech,422,50,0
65,33,sports,150,1,0
65,33,tech,441,77,1
65,47,tech,254,64,1
65,28,sports,137,88,1
65,25,tech,80,13,0
65,4,fashion,314,67,1
65,6,fashion,314,53,1
65,0,tech,71,17,0
65,42,tech,260,3,0
65,14,tech,126,32,0
65,25,tech,319,28,0
65,8,tech,102,86,1
65,15,tech,373,51,1
65,40,sports,215,29,0
66,18,sports,459,41,0
66,44,sports,396,11,0
66,45,fashion,66,18,0
66,47,fashion,233,8,0
66,21,fashion,213,57,1
66,39,sports,229,57,1
66,48,tech,91,66,1
66,12,tech,344,20,0
66,28,sports,243,93,1
66,2,sports,12,54,1
66,13,sports,448,62,1
66,3,sports,69,75,1
66,30,sports,105,91,1
66,29,sports,395,62,1
66,48,tech,357,31,0
66,33,tech,216,48,0
66,24,tech,259,58,1
66,36,tech,327,39,0
66,31,fashion,218,99,1
66,36,sports,201,44,0
67,28,sports,80,92,1
67,8,sports,229,6,0
67,28,fashion,410,16,0
67,22,sports,396,21,0
67,25,fashion,494,86,1
67,41,fashion,454,13,0
67,10,fashion,25,8,0
67,39,sports,322,40,0
67,44,sports,395,94,1
67,29,fashion,309,11,0
67,14,tech,227,2,0
67,49,sports,355,23,0
67,17,fashion,233,62,1
67,37,tech,248,67,1
67,37,sports,231,61,1
67,0,fashion,182,96,1
67,27,tech,387,13,0
67,26,sports,287,74,1
67,38,tech,472,79,1
67,3,sports,384,70,1
68,23,fashion,366,84,1
68,11,tech,37,8,0
68,0,tech,72,22,0
68,5,tech,414,96,1
68,34,sports,14,60,1
68,45,fashion,185,6,0
68,24,fashion,196,29,0
68,6,tech,239,18,0
68,1,sports,490,54,1
68,37,sports,285,12,0
68,42,tech,296,91,1
68,31,tech,467,67,1
68,44,sports,172,95,1
68,14,tech,278,35,0
68,10,sports,414,54,1
68,10,fashion,313,35,0
68,21,fashion,424,78,1
68,23,fashion,442,96,1
68,35,sports,216,58,1
68,34,sports,217,69,1
69,20,tech,147,83,1
69,24,tech,38,19,0
69,42,fashion,83,61,1
69,42,tech,285,48,0
69,18,sports,417,11,0
69,45,fashion,192,28,0
69,4,sports,324,5,0
69,20,fashion,397,42,0
69,19,fashion,418,14,0
69,10,sports,198,18,0
69,26,sports,191,82,1
69,22,sports,286,44,0
69,4,sports,434,59,1
69,24,tech,191,74,1
69,21,sports,330,64,1
69,6,tech,152,76,1
69,21,fashion,251,47,0
69,16,tech,439,14,0
69,49,fashion,121,33,0
69,42,sports,277,40,0
70,19,fashion,175,3,0
70,27,fashion,103,13,0
70,12,fashion,302,49,0
70,37,fashion,301,54,1
70,25,sports,465,40,0
70,42,fashion,157,8,0
70,28,fashion,423,81,1
70,19,sports,153,46,0
70,42,sports,473,45,0
70,46,sports,190,87,1
70,23,sports,82,35,0
70,19,tech,243,81,1
70,46,sports,128,57,1
70,7,sports,104,94,1
70,45,sports,318,12,0
70,48,tech,73,42,0
70,29,tech,412,11,0
70,33,fashion,80,58,1
70,33,sports,285,50,0
70,37,fashion,425,52,1
71,14,tech,93,3,0
71,36,fashion,305,72,1
71,39,sports,369,11,0
71,45,tech,359,56,1
71,9,sports,37,49,0
71,35,tech,22,96,1
71,35,tech,291,86,1
71,3,sports,347,64,1
71,37,sports,353,87,1
71,21,fashion,40,11,0
71,27,fashion,105,62,1
71,4,fashion,275,40,0
71,45,sports,437,60,1
71,22,tech,74,95,1
71,30,fashion,322,55,1
71,41,tech,193,98,1
71,8,fashion,406,89,1
71,47,fashion,380,76,1
71,39,tech,408,15,0
71,14,sports,176,13,0
72,16,tech,49,20,0
72,25,sports,478,82,1
72,12,tech,456,76,1
72,43,fashion,220,60,1
72,6,tech,236,48,0
72,17,sports,304,68,1
72,24,fashion,497,13,0
72,44,tech,238,6,0
72,18,tech,197,90,1
72,13,sports,319,4,0
72,38,tech,342,32,0
72,37,sports,431,92,1
72,29,sports,421,3,0
72,44,fashion,235,80,1
72,21,tech,431,72,1
72,7,fashion,194,6,0
72,13,sports,403,3,0
72,11,tech,324,31,0
72,28,sports,334,62,1
72,24,sports,434,31,0
73,20,fashion,93,22,0
73,3,tech,54,42,0
73,49,tech,285,77,1
73,16,fashion,429,97,1
73,0,sports,470,17,0
73,23,fashion,337,91,1
73,44,sports,183,72,1
73,7,sports,483,59,1
73,12,sports,238,28,0
73,24,tech,281,2,0
73,17,sports,410,30,0
73,38,tech,105,93,1
73,45,fashion,347,13,0
73,42,tech,103,21,0
73,47,sports,346,40,0
73,18,sports,210,52,1
73,9,sports,62,87,1
73,29,tech,322,52,1
73,8,fashion,376,1,0
73,43,sports,340,98,1
74,15,tech,297,15,0
74,11,tech,246,78,1
74,7,sports,199,12,0
74,0,sports,241,42,0
74,10,sports,180,95,1
74,16,tech,425,93,1
74,20,tech,433,23,0
74,5,fashion,443,37,0
74,44,sports,319,72,1
74,40,tech,236,11,0
74,23,tech,158,66,1
74,39,sports,368,28,0
74,16,fashion,156,56,1
74,37,fashion,47,37,0
74,3,fashion,227,49,0
74,42,fashion,278,52,1
74,31,tech,114,60,1
74,45,sports,195,99,1
74,45,sports,293,1,0
74,41,fashion,313,40,0
75,32,sports,469,72,1
75,23,fashion,397,38,0
75,43,sports,146,16,0
75,11,sports,481,14,0
75,44,tech,299,67,1
75,23,fashion,127,73,1
75,25,fashion,220,67,1
75,23,tech,204,58,1
75,26,tech,280,35,0
75,11,tech,190,44,0
75,25,sports,171,87,1
75,30,fashion,349,12,0
75,22,sports,185,55,1
75,47,tech,255,89,1
75,1,fashion,396,21,0
75,24,tech,125,86,1
75,20,fashion,490,38,0
75,14,fashion,259,52,1
75,14,fashion,34,21,0
75,23,tech,387,5,0
76,5,tech,372,47,0
76,22,sports,27,21,0
76,27,sports,223,23,0
76,2,fashion,147,89,1
76,48,sports,212,61,1
76,4,fashion,246,53,1
76,36,sports,246,93,1
76,4,tech,68,2,0
76,0,sports,39,11,0
76,27,sports,99,77,1
76,7,sports,457,61,1
76,27,fashion,103,73,1
76,38,sports,195,85,1
76,46,fashion,256,31,0
76,24,tech,448,22,0
76,39,tech,120,1,0
76,0,tech,200,54,1
76,41,tech,344,81,1
76,21,fashion,108,80,1
76,7,fashion,184,17,0
77,16,fashion,99,13,0
77,16,fashion,346,78,1
77,44,fashion,172,14,0
77,46,tech,152,54,1
77,26,tech,250,31,0
77,34,fashion,206,86,1
77,48,sports,226,34,0
77,25,sports,14,90,1
77,19,fashion,207,59,1
77,49,fashion,397,17,0
77,13,fashion,22,7,0
77,43,sports,408,19,0
77,42,sports,428,81,1
77,34,sports,413,35,0
77,31,fashion,441,44,0
77,39,tech,390,17,0
77,6,sports,59,65,1
77,34,tech,463,58,1
77,13,tech,377,79,1
77,46,fashion,333,40,0
78,15,fashion,397,45,0
78,25,tech,203,31,0
78,2,fashion,145,24,0
78,14,sports,168,73,1
78,38,tech,459,8,0
78,6,sports,112,57,1
78,15,sports,295,74,1
78,37,fashion,379,69,1
78,28,sports,69,98,1
78,42,fashion,182,23,0
78,4,fashion,399,56,1
78,45,tech,416,6,0
78,31,fashion,155,15,0
78,39,fashion,105,73,1
78,36,fashion,221,6,0
78,47,sports,456,67,1
78,41,sports,308,17,0
78,31,sports,461,81,1
78,40,sports,398,32,0
78,21,fashion,300,22,0
79,0,fashion,377,11,0
79,12,sports,499,3,0
79,8,sports,279,97,1
79,17,tech,260,73,1
79,22,fashion,92,47,0
79,4,sports,381,87,1
79,29,tech,421,98,1
79,44,sports,34,74,1
79,13,fashion,323,94,1
79,40,tech,343,99,1
79,47,fashion,275,99,1
79,10,sports,94,21,0
79,21,tech,400,81,1
79,1,tech,307,82,1
79,10,tech,252,18,0
79,34,tech,196,90,1
79,15,fashion,450,47,0
79,46,fashion,85,60,1
79,12,sports,255,2,0
79,25,sports,420,27,0
80,14,sports,81,7,0
80,46,sports,439,63,1
80,39,tech,263,43,0
80,16,sports,262,81,1
80,35,tech,17,69,1
80,25,fashion,358,47,0
80,11,tech,423,23,0
80,15,fashion,467,71,1
80,44,tech,302,29,0
80,2,sports,237,47,0
80,45,sports,470,21,0
80,36,sports,320,29,0
80,19,tech,335,63,1
80,35,fashion,415,96,1
80,15,fashion,462,54,1
80,35,fashion,54,19,0
80,22,fashion,150,43,0
80,28,fashion,189,52,1
80,46,tech,240,19,0
80,37,fashion,125,79,1
81,19,tech,297,4,0
81,49,fashion,14,20,0
81,22,fashion,84,37,0
81,21,fashion,333,93,1
81,43,fashion,86,42,0
81,8,fashion,104,7,0
81,3,sports,499,94,1
81,30,sports,450,85,1
81,30,sports,104,53,1
81,31,fashion,196,10,0
81,1,fashion,325,88,1
81,16,fashion,432,31,0
81,42,tech,404,85,1
81,3,sports,419,50,0
81,11,sports,218,97,1
81,10,tech,56,92,1
81,41,sports,395,24,0
81,3,sports,419,75,1
81,39,fashion,180,75,1
81,44,sports,21,67,1
82,41,sports,378,54,1
82,1,tech,153,2,0
82,29,fashion,293,25,0
82,31,tech,275,60,1
82,41,tech,342,42,0
82,46,tech,255,80,1
82,44,fashion,194,84,1
82,49,sports,292,41,0
82,15,fashion,169,90,1
82,24,fashion,21,40,0
82,8,fashion,210,10,0
82,31,tech,235,48,0
82,19,sports,69,66,1
82,0,sports,133,36,0
82,23,fashion,420,2,0
82,30,tech,87,66,1
82,28,sports,21,28,0
82,19,tech,368,24,0
82,20,fashion,119,78,1
82,36,fashion,225,14,0
83,33,fashion,341,22,0
83,5,tech,429,22,0
83,13,sports,345,61,1
83,35,tech,105,33,0
83,44,fashion,303,67,1
83,22,tech,132,16,0
83,4,tech,113,78,1
83,38,sports,215,70,1
83,11,tech,96,14,0
83,6,fashion,297,15,0
83,43,tech,178,54,1
83,46,fashion,270,27,0
83,22,sports,215,79,1
83,42,tech,254,31,0
83,34,tech,485,83,1
83,45,fashion,199,87,1
83,31,tech,260,84,1
83,34,tech,210,29,0
83,5,sports,418,95,1
83,21,fashion,438,69,1
84,26,tech,81,1,0
84,19,sports,105,75,1
84,38,sports,63,88,1
84,10,tech,63,90,1
84,15,sports,29,46,0
84,2,tech,392,58,1
84,46,tech,346,66,1
84,28,fashion,17,29,0
84,47,sports,170,3,0
84,34,tech,484,76,1
84,19,tech,285,73,1
84,38,sports,284,91,1
84,44,sports,150,13,0
84,21,sports,446,86,1
84,42,sports,465,72,1
84,41,fashion,249,26,0
84,22,sports,86,28,0
84,8,sports,249,39,0
84,11,sports,488,55,1
84,13,sports,163,42,0
85,26,sports,303,98,1
85,42,sports,457,6,0
85,45,fashion,378,42,0
85,27,tech,364,72,1
85,46,sports,276,61,1
85,3,tech,405,26,0
85,37,fashion,149,43,0
85,36,fashion,318,88,1
85,15,tech,278,89,1
85,3,sports,489,49,0
85,6,fashion,131,11,0
85,27,fashion,498,87,1
85,44,sports,37,57,1
85,25,tech,63,29,0
85,18,tech,173,14,0
85,13,sports,295,92,1
85,16,sports,217,30,0
85,28,tech,88,89,1
85,37,fashion,56,53,1
85,37,sports,226,7,0
86,21,tech,219,41,0
86,9,fashion,450,7,0
86,47,tech,315,91,1
86,32,tech,245,53,1
86,33,tech,141,43,0
86,25,tech,80,94,1
86,49,tech,198,35,0
86,7,tech,417,83,1
86,35,fashion,253,43,0
86,26,fashion,386,18,0
86,27,tech,25,99,1
86,46,sports,196,31,0
86,3,tech,26,39,0
86,47,fashion,483,48,0
86,38,tech,141,30,0
86,29,fashion,212,66,1
86,43,fashion,301,18,0
86,25,tech,264,71,1
86,0,sports,451,90,1
86,22,fashion,246,6,0
87,5,fashion,28,18,0
87,30,fashion,366,30,0
87,41,tech,467,12,0
87,29,sports,432,9,0
87,20,sports,38,33,0
87,42,fashion,126,15,0
87,1,sports,382,44,0
87,17,sports,144,43,0
87,17,fashion,430,58,1
87,32,sports,104,11,0
87,3,sports,219,68,1
87,48,fashion,102,88,1
87,21,fashion,181,6,0
87,41,tech,194,85,1
87,15,sports,407,39,0
87,27,sports,128,49,0
87,8,fashion,438,22,0
87,31,tech,224,69,1
87,41,tech,489,59,1
87,9,sports,304,15,0
88,6,tech,132,3,0
88,18,fashion,357,29,0
88,14,sports,15,12,0
88,46,fashion,86,93,1
88,18,sports,401,8,0
88,19,sports,397,51,1
88,20,sports,54,8,0
88,22,tech,204,9,0
88,13,tech,336,15,0
88,6,fashion,235,41,0
88,21,tech,494,44,0
88,0,fashion,217,72,1
88,48,tech,315,12,0
88,24,tech,197,26,0
88,45,fashion,434,36,0
88,22,sports,143,69,1
88,42,tech,27,62,1
88,12,sports,343,28,0
88,17,sports,453,63,1
88,27,sports,65,27,0
89,31,sports,146,96,1
89,19,tech,77,46,0
89,33,sports,419,8,0
89,5,sports,103,45,0
89,12,tech,34,20,0
89,17,sports,347,66,1
89,9,sports,310,47,0
89,11,sports,470,55,1
89,10,sports,44,53,1
89,25,fashion,23,45,0
89,43,tech,202,51,1
89,42,sports,223,23,0
89,18,fashion,85,55,1
89,27,sports,298,19,0
89,27,sports,189,49,0
89,36,fashion,108,98,1
89,34,fashion,342,87,1
89,21,sports,453,45,0
89,45,sports,223,85,1
89,25,tech,418,65,1
90,5,sports,124,64,1
90,22,sports,372,23,0
90,31,fashion,86,18,0
90,22,sports,234,21,0
90,38,sports,356,45,0
90,43,fashion,97,47,0
90,39,sports,179,7,0
90,49,sports,143,91,1
90,8,tech,118,57,1
90,30,tech,99,40,0
90,47,tech,86,49,0
90,22,tech,255,92,1
90,16,tech,459,25,0
90,49,tech,143,75,1
90,37,fashion,438,75,1
90,13,fashion,177,3,0
90,34,tech,161,19,0
90,17,tech,381,88,1
90,44,sports,199,1,0
90,35,tech,438,49,0
91,42,fashion,354,16,0
91,33,tech,412,23,0
91,18,tech,25,54,1
91,8,tech,51,19,0
91,32,fashion,345,55,1
91,17,fashion,354,45,0
91,5,tech,131,70,1
91,31,tech,57,39,0
91,30,fashion,19,30,0
91,17,tech,338,95,1
91,14,sports,177,9,0
91,44,tech,163,4,0
91,16,sports,108,52,1
91,4,sports,270,20,0
91,14,fashion,120,2,0
91,28,tech,269,42,0
91,44,fashion,198,95,1
91,40,sports,200,9,0
91,29,tech,276,99,1
91,36,tech,307,13,0
92,35,tech,277,37,0
92,9,tech,317,71,1
92,1,fashion,321,60,1
92,22,sports,305,64,1
92,38,tech,160,29,0
92,13,fashion,188,69,1
92,30,tech,296,50,0
92,19,sports,218,2,0
92,24,tech,131,92,1
92,41,sports,79,67,1
92,34,fashion,84,84,1
92,4,sports,223,59,1
92,18,fashion,376,62,1
92,15,tech,333,15,0
92,24,sports,44,55,1
92,13,tech,476,7,0
92,29,sports,314,89,1
92,15,sports,241,51,1
92,7,fashion,229,80,1
92,18,fashion,282,63,1
93,44,tech,16,27,0
93,9,fashion,45,25,0
93,5,fashion,224,6,0
93,28,fashion,418,55,1
93,16,fashion,161,75,1
93,25,sports,124,98,1
93,27,sports,84,38,0
93,13,sports,99,48,0
93,20,fashion,193,94,1
93,7,sports,285,96,1
93,21,sports,336,9,0
93,44,tech,166,63,1
93,7,fashion,205,35,0
93,2,fashion,246,7,0
93,26,tech,228,80,1
93,37,sports,181,87,1
93,40,sports,340,42,0
93,32,fashion,72,37,0
93,40,sports,392,81,1
93,34,tech,57,96,1
94,2,sports,455,99,1
94,13,sports,377,61,1
94,30,sports,282,24,0
94,22,fashion,59,78,1
94,49,sports,88,70,1
94,26,sports,59,36,0
94,7,sports,396,62,1
94,46,tech,370,98,1
94,23,tech,425,94,1
94,48,tech,10,34,0
94,14,fashion,386,93,1
94,33,fashion,464,93,1
94,30,tech,418,38,0
94,13,sports,319,2,0
94,16,tech,471,89,1
94,29,tech,349,85,1
94,21,sports,494,16,0
94,49,fashion,137,43,0
94,16,fashion,139,4,0
94,20,sports,491,94,1
95,5,tech,496,89,1
95,4,tech,157,64,1
95,15,sports,114,37,0
95,39,tech,206,42,0
95,1,tech,372,86,1
95,21,fashion,171,55,1
95,28,fashion,260,97,1
95,17,sports,458,97,1
95,0,tech,91,27,0
95,42,sports,41,33,0
95,27,fashion,114,55,1
95,35,fashion,327,80,1
95,33,sports,379,88,1
95,48,tech,449,18,0
95,12,tech,238,43,0
95,38,tech,435,81,1
95,14,fashion,416,54,1
95,29,fashion,363,58,1
95,3,sports,80,18,0
95,41,sports,305,70,1
96,21,fashion,202,68,1
96,45,tech,61,29,0
96,20,fashion,343,9,0
96,46,fashion,444,56,1
96,5,sports,431,72,1
96,0,fashion,250,24,0
96,46,sports,92,86,1
96,34,fashion,295,93,1
96,21,sports,221,29,0
96,40,fashion,107,65,1
96,30,fashion,121,18,0
96,16,fashion,407,87,1
96,24,sports,119,56,1
96,21,sports,65,19,0
96,43,fashion,300,1,0
96,20,tech,207,37,0
96,0,sports,394,91,1
96,20,tech,25,61,1
96,39,fashion,345,92,1
96,0,fashion,201,43,0
97,16,tech,196,23,0
97,6,tech,336,79,1
97,33,fashion,461,78,1
97,13,sports,105,19,0
97,1,fashion,443,81,1
97,36,fashion,159,32,0
97,40,tech,447,58,1
97,5,sports,411,6,0
97,44,tech,288,23,0
97,25,tech,400,79,1
97,43,sports,291,97,1
97,14,tech,64,64,1
97,26,tech,78,61,1
97,1,sports,387,97,1
97,15,sports,303,80,1
97,13,tech,163,35,0
97,14,sports,352,29,0
97,33,tech,178,41,0
97,22,sports,12,58,1
97,31,sports,91,43,0
98,6,tech,10,61,1
98,13,fashion,112,10,0
98,6,fashion,235,30,0
98,35,tech,135,60,1
98,16,tech,83,63,1
98,46,fashion,316,64,1
98,11,tech,41,15,0
98,26,tech,329,59,1
98,49,fashion,139,36,0
98,49,sports,22,15,0
98,24,sports,453,22,0
98,25,tech,212,74,1
98,24,tech,185,43,0
98,37,tech,438,88,1
98,39,fashion,129,97,1
98,16,tech,322,2,0
98,31,tech,327,88,1
98,8,tech,282,50,0
98,47,fashion,177,58,1
98,10,tech,158,18,0
99,28,fashion,374,17,0
99,17,fashion,221,45,0
99,17,tech,82,14,0
99,48,tech,232,4,0
99,17,sports,413,47,0
99,42,tech,214,79,1
99,26,sports,485,19,0
99,25,fashion,226,26,0
99,25,fashion,101,49,0
99,17,tech,140,66,1
99,32,fashion,284,17,0
99,43,tech,85,49,0
99,2,sports,58,55,1
99,25,sports,209,52,1
99,35,tech,127,7,0
99,45,fashion,365,16,0
99,23,tech,319,62,1
99,0,tech,34,10,0
99,15,fashion,209,29,0
99,38,fashion,409,20,0
